http://acm.rkbexplorer.com/id/319101,null,null,null,null,null,null,"Outerjoin optimization in multidatabase systems",null,null,null,null,null,null,null,null,null,null,null,null,null,null,null,null
http://acm.rkbexplorer.com/id/588033,null,null,null,null,null,null,null,null,null,null,null,null,null,null,null,null,null,null,null,null,null,null,null
http://acm.rkbexplorer.com/id/38736,null,null,null,null,null,null,null,null,null,null,null,null,null,null,null,null,null,null,null,null,null,null,null
http://acm.rkbexplorer.com/id/582380,null,null,null,null,null,null,null,null,null,null,null,null,null,null,null,null,null,null,null,null,null,null,null
http://acm.rkbexplorer.com/id/person-186593-e8c7f57d11118d4a277fdd84935cd560,null,null,null,null,null,null,null,null,null,null,null,null,"Man Hon Wong",null,null,null,null,null,null,null,null,null,null
http://www.aktors.org/ontology/portal#Journal,null,null,null,null,null,null,null,null,null,null,null,null,null,null,null,null,null,null,null,null,null,null,null
http://dblp.rkbexplorer.com/id/people-5910df321ae588a77029676a03eda8bd-455849cac42148e19335b146851e787e,null,null,null,null,null,null,null,null,null,null,null,null,"Ada Wai-Chee Fu",null,null,null,null,null,null,null,null,null,null
http://acm.rkbexplorer.com/id/671843,null,null,null,null,null,null,null,null,null,null,null,null,null,null,null,null,null,null,null,null,null,null,null
http://acm.rkbexplorer.com/id/671701,null,null,null,null,null,null,null,null,null,null,null,null,null,null,null,null,null,null,null,null,null,null,null
http://www.aktors.org/ontology/date#1991-01-01,null,null,null,null,null,null,null,null,null,null,null,null,null,null,null,null,null,null,null,null,null,null,null
http://acm.rkbexplorer.com/id/person-68321-79f14d69038a84f218887eb41df1a69a,null,null,null,null,null,null,null,null,null,null,null,null,null,null,null,null,null,null,null,null,null,null,null
http://dblp.rkbexplorer.com/id/people-fd3edf01846bc5c05b7460364abb7246-11cafb8a782a96750a595ae938d97a2f,null,null,null,null,null,null,null,null,null,null,null,null,null,null,null,null,null,null,null,null,null,null,null
http://acm.rkbexplorer.com/ontologies/acm#G.1.6,null,null,null,null,null,null,null,null,null,null,null,null,null,null,null,null,"G.1.6. Optimization",null,null,null,null,null,null
http://acm.rkbexplorer.com/id/95272,null,null,null,null,null,null,null,null,null,null,null,null,null,null,null,null,null,null,null,null,null,null,null
http://acm.rkbexplorer.com/id/655406,null,null,null,null,null,null,null,null,null,null,null,null,null,null,null,null,null,null,null,null,null,null,null
http://acm.rkbexplorer.com/id/966570,null,null,null,null,null,null,null,null,null,null,null,null,null,null,null,null,null,null,null,null,null,null,null
http://dblp.rkbexplorer.com/id/journal-7a7a2dc953f189caf33281a6ecb4365b,null,null,null,null,null,null,"SIGMOD Conference",null,null,null,null,null,null,null,null,null,null,null,null,null,null,null,null
http://acm.rkbexplorer.com/id/319650,null,null,null,null,null,null,null,null,null,null,null,null,null,null,null,null,null,null,null,null,null,null,null
http://acm.rkbexplorer.com/ontologies/acm#F.2.m,null,null,null,null,null,null,null,null,null,null,null,null,null,null,null,null,null,null,null,null,null,null,null
http://acm.rkbexplorer.com/id/276378,null,null,null,null,null,null,null,null,null,null,null,null,null,null,null,null,null,null,null,null,null,null,null
http://dblp.rkbexplorer.com/id/journals/tkde/AgrawalIS93,null,null,null,null,null,null,null,null,null,null,null,null,null,null,null,null,null,null,null,null,null,null,null
http://acm.rkbexplorer.com/id/115813,null,null,null,null,null,null,null,null,null,null,null,null,null,null,null,null,null,null,null,null,null,null,null
http://acm.rkbexplorer.com/id/4233,null,null,null,null,null,null,null,null,null,null,null,null,null,null,null,null,null,null,null,null,null,null,null
http://acm.rkbexplorer.com/ontologies/acm#H.2.4.5,null,null,null,null,null,null,null,null,null,null,null,null,null,null,null,null,"H.2.4.5. Query processing",null,null,null,null,null,null
http://acm.rkbexplorer.com/id/320457,null,null,null,null,null,null,null,null,null,null,null,null,null,null,null,null,null,null,null,null,null,null,null
http://acm.rkbexplorer.com/id/88548,null,null,null,null,null,null,null,null,null,null,null,null,null,null,null,null,null,null,null,null,null,null,null
http://acm.rkbexplorer.com/id/4198,null,null,null,null,null,null,null,null,null,null,null,null,null,null,null,null,null,null,null,null,null,null,null
http://dblp.rkbexplorer.com/id/conf/sigmod/93,null,null,null,null,null,null,null,null,null,null,null,null,null,null,null,null,null,null,null,null,null,null,null
http://acm.rkbexplorer.com/ontologies/acm#H.2.4.1,null,null,null,null,null,null,null,null,null,null,null,null,null,null,null,null,null,null,null,null,null,null,null
http://aksw.org/Groups/SIMBA/SemSRL/blanknode/BNef491213b23c969cc37f28063b2213f40053d817,null,null,null,null,null,null,null,null,null,null,null,null,null,null,null,null,null,null,null,null,null,null,null
http://acm.rkbexplorer.com/id/38722,null,null,null,null,null,null,null,null,null,null,null,null,null,null,null,null,null,null,null,null,null,null,null
http://acm.rkbexplorer.com/ontologies/acm#H.2.4.0,null,null,null,null,null,null,null,null,null,null,null,null,null,null,null,null,null,null,null,null,null,null,null
http://www.aktors.org/ontology/portal#Abstract-Information,null,null,null,null,null,null,null,null,null,null,null,null,null,null,null,null,null,null,null,null,null,null,null
http://dblp.rkbexplorer.com/id/conf/sigmod/95,null,null,null,null,null,null,"Proceedings of the 1995 ACM SIGMOD International Conference on Management of Data, San Jose, California, May 22-25, 1995.",null,null,null,null,null,null,null,null,null,null,null,null,null,null,null,null
http://acm.rkbexplorer.com/id/person-393962-9899d424405c868018910e923e7f0072,null,null,null,null,null,null,null,null,null,null,null,null,"Tim Malkemus",null,null,null,null,null,null,null,null,null,null
http://acm.rkbexplorer.com/id/2399,null,null,null,null,null,null,null,null,null,null,null,null,null,null,null,null,null,null,null,null,null,null,null
http://www.aktors.org/ontology/date#1992-01-01,null,null,null,null,null,null,null,null,null,null,null,null,null,null,null,null,null,null,null,null,null,null,null
http://www.aktors.org/ontology/date#1994-01-01,null,null,null,null,null,null,null,null,null,null,null,null,null,null,null,null,null,null,null,null,null,null,null
http://acm.rkbexplorer.com/id/627398,null,null,null,null,null,null,null,null,null,null,null,null,null,null,null,null,null,null,null,null,null,null,null
http://dblp.rkbexplorer.com/id/people-351eaba5f80e7ac6b1d798608b06fd2c-815e0481e9e252914af65b3d867c3b5a,null,null,null,null,null,null,null,null,null,null,null,null,"Sriram Padmanabhan",null,null,null,null,null,null,null,null,null,null
http://acm.rkbexplorer.com/id/672161,null,null,null,null,null,null,null,null,null,null,null,null,null,null,null,null,null,null,null,null,null,null,null
http://acm.rkbexplorer.com/id/318839,null,null,null,null,null,null,null,null,null,null,null,null,null,null,null,null,null,null,null,null,null,null,null
http://aksw.org/Groups/SIMBA/SemSRL/blanknode/BNd5c2c6abae4bd48e6987cb3ab5e26313138d5b6a,null,null,null,null,null,null,null,null,null,null,null,null,null,null,null,null,null,null,null,null,null,null,null
http://dblp.rkbexplorer.com/id/conf/icde/BrillTY84,null,null,null,null,null,null,"Distributed Query Processing Strategies in Mermaid, A Frontend to Data Management Systems.",null,null,null,null,null,null,null,null,null,null,null,null,null,null,null,null
http://dblp.rkbexplorer.com/id/journals/tods/BernsteinGWRR81,null,null,null,null,null,null,null,null,null,null,null,null,null,null,null,null,null,null,null,null,null,null,null
http://www.aktors.org/ontology/portal#Generic-Agent,null,null,null,null,null,null,null,null,null,null,null,null,null,null,null,null,null,null,null,null,null,null,null
http://acm.rkbexplorer.com/id/30602,null,null,null,null,null,null,null,null,null,null,null,null,null,null,null,null,null,null,null,null,null,null,null
http://acm.rkbexplorer.com/id/248616,null,null,null,null,null,null,"An overview of data warehousing and OLAP technology",null,null,null,null,null,null,null,null,null,null,null,null,null,null,null,null
http://dblp.rkbexplorer.com/id/people-c888e64d641340282e85e01f5e6b0764-900077e0ffdd094e95323bfc7b8cd0b5,null,null,null,null,null,null,null,null,null,null,null,null,"Umeshwar Dayal",null,null,null,null,null,null,null,null,null,null
http://acm.rkbexplorer.com/ontologies/acm#H.4.2,null,null,null,null,null,null,null,null,null,null,null,null,null,null,null,null,null,null,null,null,null,null,null
http://acm.rkbexplorer.com/id/person-90855-69989ec462323ece2dc044df74c86fed,null,null,null,null,null,null,null,null,null,null,null,null,null,null,null,null,null,null,null,null,null,null,null
http://aksw.org/Groups/SIMBA/SemSRL/blanknode/BN7b658452ce9edcf453b63a3ac96ef37276d143cd,null,null,null,null,null,null,null,null,null,null,null,null,null,null,null,null,null,null,null,null,null,null,null
http://dblp.rkbexplorer.com/id/conf/sigmod/PadmanabhanBMCH03,null,null,null,null,null,null,"Multi-Dimensional Clustering: A New Data Layout Scheme in DB2.",null,null,null,null,http://doi.acm.org/10.1145/872757.872835,null,null,null,null,null,null,null,null,null,null,null
http://dblp.l3s.de/d2r/resource/publications/journals/sigmod/KuokFW98,null,null,null,null,null,null,null,null,null,null,null,null,null,null,null,null,null,null,null,null,null,null,null
http://acm.rkbexplorer.com/id/person-581296-9899d424405c868018910e923e7f0072,null,null,null,null,null,null,null,null,null,null,null,null,"Leslie Cranston",null,null,null,null,null,null,null,null,null,null
http://acm.rkbexplorer.com/id/4066,null,null,null,null,null,null,null,null,null,null,null,null,null,null,null,null,null,null,null,null,null,null,null
http://www.w3.org/2000/01/rdf-schema#Class,null,null,null,null,null,null,null,null,null,null,null,null,null,null,null,null,null,null,null,null,null,null,null
http://acm.rkbexplorer.com/id/302148,null,null,null,null,null,null,null,null,null,null,null,null,null,null,null,null,null,null,null,null,null,null,null
http://acm.rkbexplorer.com/ontologies/acm#H.2.8,null,null,null,null,null,null,null,null,null,null,null,null,null,null,null,null,"H.2.8. Database Applications",null,null,null,null,null,null
http://acm.rkbexplorer.com/ontologies/acm#H.2.7,null,null,null,null,null,null,null,null,null,null,null,null,null,null,null,null,null,null,null,null,null,null,null
http://acm.rkbexplorer.com/id/person-189828-0b51645719a278a87655e81401d1833a,null,null,null,null,null,null,null,null,null,null,null,null,null,null,null,null,null,null,null,null,null,null,null
http://aksw.org/Groups/SIMBA/SemSRL/blanknode/BN6b590dd26d5b5ac1f3667edf05415e90f07561a8,null,null,null,null,null,null,null,null,null,null,null,null,null,null,null,null,null,null,null,null,null,null,null
http://acm.rkbexplorer.com/ontologies/acm#H.2.4,null,null,null,null,null,null,null,null,null,null,null,null,null,null,null,null,"H.2.4. Systems",null,null,null,null,null,null
http://acm.rkbexplorer.com/ontologies/acm#H.2.3,null,null,null,null,null,null,null,null,null,null,null,null,null,null,null,null,null,null,null,null,null,null,null
http://acm.rkbexplorer.com/ontologies/acm#H.2.6,null,null,null,null,null,null,null,null,null,null,null,null,null,null,null,null,null,null,null,null,null,null,null
http://acm.rkbexplorer.com/ontologies/acm#H.2.5,null,null,null,null,null,null,null,null,null,null,null,null,null,null,null,null,null,null,null,null,null,null,null
http://dblp.rkbexplorer.com/id/people-812d5da2ca74fc7fd7a909502c613c94-8f4e92a6f0a6d6d9c312dddccc79af1e,null,null,null,null,null,null,null,null,null,null,null,null,null,null,null,null,null,null,null,null,null,null,null
http://dblp.rkbexplorer.com/id/people-6bbec91cc1db0e4579cc6083a631b59c-8b470ed30db5a8036029c9ff9fa5c619,null,null,null,null,null,null,null,null,null,null,null,null,null,null,null,null,null,null,null,null,null,null,null
http://aksw.org/Groups/SIMBA/SemSRL/blanknode/BNd9906612bbb6ea249a31b2db0415457f02516f52,null,null,null,null,null,null,null,null,null,null,null,null,null,null,null,null,null,null,null,null,null,null,null
http://acm.rkbexplorer.com/id/320479,null,null,null,null,null,null,null,null,null,null,null,null,null,null,null,null,null,null,null,null,null,null,null
http://www.w3.org/2000/01/rdf-schema#Resource,null,null,null,null,null,null,null,null,null,null,null,null,null,null,null,null,null,null,null,null,null,null,null
http://acm.rkbexplorer.com/ontologies/acm#G.1,null,null,null,null,null,null,null,null,null,null,null,null,null,null,null,null,"G.1. NUMERICAL ANALYSIS",null,null,null,null,null,null
http://acm.rkbexplorer.com/id/94514,null,null,null,null,null,null,null,null,null,null,null,null,null,null,null,null,null,null,null,null,null,null,null
http://dblp.rkbexplorer.com/id/people-8f2072c1503a2c3536ba5ec4158c9f84-bae4827335f09ec05ec1bb89864e0658,null,null,null,null,null,null,null,null,null,null,null,null,"Ming-Chien Shan",null,null,null,null,null,null,null,null,null,null
http://acm.rkbexplorer.com/id/42159,null,null,null,null,null,null,null,null,null,null,null,null,null,null,null,null,null,null,null,null,null,null,null
http://acm.rkbexplorer.com/ontologies/acm#G.2,null,null,null,null,null,null,null,null,null,null,null,null,null,null,null,null,null,null,null,null,null,null,null
http://dblp.rkbexplorer.com/id/people-7acdf1d1092638de0a594addc9693f57-455849cac42148e19335b146851e787e,null,null,null,null,null,null,null,null,null,null,null,null,"Man Hon Wong",null,null,null,null,null,null,null,null,null,null
http://acm.rkbexplorer.com/id/318059,null,null,null,null,null,null,null,null,null,null,null,null,null,null,null,null,null,null,null,null,null,null,null
http://dblp.l3s.de/d2r/resource/publications/conf/sigmod/95,null,null,null,null,null,null,null,null,null,null,null,null,null,null,null,null,null,null,null,null,null,null,null
http://dblp.rkbexplorer.com/id/people-bbae41efecc66cff754b88e8377bca48-df6fc9eb733ff674b1d9969c53631cb8,null,null,null,null,null,null,null,null,null,null,null,null,null,null,null,null,null,null,null,null,null,null,null
http://aksw.org/Groups/SIMBA/SemSRL/blanknode/BNd494b5da43246c3fa71c6d4feb1b1c712634a440,null,null,null,null,null,null,null,null,null,null,null,null,null,null,null,null,null,null,null,null,null,null,null
http://aksw.org/Groups/SIMBA/SemSRL/blanknode/BN1e6e12f47c73b4d088e95ac679e15333a24a9342,null,null,null,null,null,null,null,null,null,null,null,null,null,null,null,null,null,null,null,null,null,null,null
http://dblp.rkbexplorer.com/id/people-b54d32b29419424eb2e7895157ce720d-3db2be55fb77faea96246634e96ef653,null,null,null,null,null,null,null,null,null,null,null,null,null,null,null,null,null,null,null,null,null,null,null
http://acm.rkbexplorer.com/id/182605,null,null,null,null,null,null,null,null,null,null,null,null,null,null,null,null,null,null,null,null,null,null,null
http://acm.rkbexplorer.com/id/653717,null,null,null,null,null,null,null,null,null,null,null,null,null,null,null,null,null,null,null,null,null,null,null
http://www.aktors.org/ontology/date#2003,null,null,null,null,2003,null,null,null,null,null,null,null,null,null,null,null,null,null,null,null,null,null,null
http://dblp.rkbexplorer.com/id/journals/sigmod/KuokFW98,null,null,null,null,null,null,"Mining Fuzzy Association Rules in Databases.",null,null,null,null,http://doi.acm.org/10.1145/273244.273257,null,null,null,null,null,null,null,null,null,27,null
http://acm.rkbexplorer.com/id/582126,null,null,null,null,null,null,null,null,null,null,null,null,null,null,null,null,null,null,null,null,null,null,null
http://acm.rkbexplorer.com/id/person-271709-24e6b34302047531701d052c85c29a7f,null,null,null,null,null,null,null,null,null,null,null,null,null,null,null,null,null,null,null,null,null,null,null
http://acm.rkbexplorer.com/id/655413,null,null,null,null,null,null,null,null,null,null,null,null,null,null,null,null,null,null,null,null,null,null,null
http://acm.rkbexplorer.com/id/564757,null,null,null,null,null,null,"Automating physical database design in a parallel database",null,null,null,null,null,null,null,null,null,null,null,null,null,null,null,null
http://acm.rkbexplorer.com/id/person-42669-e8c7f57d11118d4a277fdd84935cd560,null,null,null,null,null,null,null,null,null,null,null,null,"Chan Man Kuok",null,null,null,null,null,null,null,null,null,null
http://acm.rkbexplorer.com/id/48757,null,null,null,null,null,null,"Access path selection in a relational database management system",null,null,null,null,null,null,null,null,null,null,null,null,null,null,null,null
http://acm.rkbexplorer.com/id/98740,null,null,null,null,null,null,"Randomized algorithms for optimizing large join queries",null,null,null,null,null,null,null,null,null,null,null,null,null,null,null,null
http://acm.rkbexplorer.com/ontologies/acm#G.2.2.5,null,null,null,null,null,null,null,null,null,null,null,null,null,null,null,null,"G.2.2.5. Trees",null,null,null,null,null,null
http://acm.rkbexplorer.com/id/62062,null,null,null,null,null,null,null,null,null,null,null,null,null,null,null,null,null,null,null,null,null,null,null
http://acm.rkbexplorer.com/id/person-48314-fa53d31eb3a777ab24e6b9d4865233da,null,null,null,null,null,null,null,null,null,null,null,null,null,null,null,null,null,null,null,null,null,null,null
http://aksw.org/Groups/SIMBA/SemSRL/blanknode/BN9d6131c763c926d970bfcb4a3bdc6c7097e6370f,null,null,null,null,null,null,null,null,null,null,null,null,null,null,null,null,null,null,null,null,null,null,null
http://acm.rkbexplorer.com/id/539470,null,null,null,null,null,null,null,null,null,null,null,null,null,null,null,null,null,null,null,null,null,null,null
http://aksw.org/Groups/SIMBA/SemSRL/blanknode/BN7455342b61badcbdc6517307a54bc000896552c9,null,null,null,null,null,null,null,null,null,null,null,null,null,null,null,null,null,null,null,null,null,null,null
http://dblp.rkbexplorer.com/id/conf/icde/84,null,null,null,null,null,null,null,null,null,null,null,null,null,null,null,null,null,null,null,null,null,null,null
http://acm.rkbexplorer.com/ontologies/acm#D.2.10,null,null,null,null,null,null,null,null,null,null,null,null,null,null,null,null,null,null,null,null,null,null,null
http://acm.rkbexplorer.com/id/673604,null,null,null,null,null,null,null,null,null,null,null,null,null,null,null,null,null,null,null,null,null,null,null
http://acm.rkbexplorer.com/id/654806,null,null,null,null,null,null,null,null,null,null,null,null,null,null,null,null,null,null,null,null,null,null,null
http://acm.rkbexplorer.com/id/person-266633-9899d424405c868018910e923e7f0072,null,null,null,null,null,null,null,null,null,null,null,null,"Sriram Padmanabhan",null,null,null,null,null,null,null,null,null,null
http://www.aktors.org/ontology/portal#Generic-Area-Of-Interest,null,null,null,null,null,null,null,null,null,null,null,null,null,null,null,null,null,null,null,null,null,null,null
http://acm.rkbexplorer.com/id/82721,null,null,null,null,null,null,null,null,null,null,null,null,null,null,null,null,null,null,null,null,null,null,null
http://dblp.rkbexplorer.com/id/people-c5e88b121a8e22caa4144e5fafb8903e-0fbad2f1f626f1397502674c223e7113,null,null,null,null,null,null,null,null,null,null,null,null,null,null,null,null,null,null,null,null,null,null,null
http://acm.rkbexplorer.com/ontologies/acm#I.6.3,null,null,null,null,null,null,null,null,null,null,null,null,null,null,null,null,null,null,null,null,null,null,null
http://acm.rkbexplorer.com/id/29244,null,null,null,null,null,null,null,null,null,null,null,null,null,null,null,null,null,null,null,null,null,null,null
http://acm.rkbexplorer.com/ontologies/acm#I.6.6,null,null,null,null,null,null,null,null,null,null,null,null,null,null,null,null,null,null,null,null,null,null,null
http://acm.rkbexplorer.com/ontologies/acm#D.2,null,null,null,null,null,null,null,null,null,null,null,null,null,null,null,null,null,null,null,null,null,null,null
http://acm.rkbexplorer.com/id/27634,null,null,null,null,null,null,null,null,null,null,null,null,null,null,null,null,null,null,null,null,null,null,null
http://dblp.l3s.de/d2r/resource/publications/conf/sigmod/AgrawalIS93,null,null,null,null,null,null,null,null,null,null,null,null,null,null,null,null,null,null,null,null,null,null,null
http://acm.rkbexplorer.com/id/322238,null,null,null,null,null,null,null,null,null,null,null,null,null,null,null,null,null,null,null,null,null,null,null
http://acm.rkbexplorer.com/id/4865,null,null,null,null,null,null,null,null,null,null,null,null,null,null,null,null,null,null,null,null,null,null,null
http://acm.rkbexplorer.com/ontologies/acm#H.2.2,null,null,null,null,null,null,null,null,null,null,null,null,null,null,null,null,"H.2.2. Physical Design",null,null,null,null,null,null
http://acm.rkbexplorer.com/ontologies/acm#H.2.1,null,null,null,null,null,null,null,null,null,null,null,null,null,null,null,null,null,null,null,null,null,null,null
http://acm.rkbexplorer.com/id/130292,null,null,null,null,null,null,"Exploiting inter-operation parallelism in XPRS",null,null,null,null,null,null,null,null,null,null,null,null,null,null,null,null
http://acm.rkbexplorer.com/id/671481,null,null,null,null,null,null,null,null,null,null,null,null,null,null,null,null,null,null,null,null,null,null,null
http://acm.rkbexplorer.com/id/189748,null,null,null,null,null,null,null,null,null,null,null,null,null,null,null,null,null,null,null,null,null,null,null
http://dblp.rkbexplorer.com/id/people-0244010bc8c65b513cf1015eed07869c-81d7c66b8fca79c161e47829cb58eb0e,null,null,null,null,null,null,null,null,null,null,null,null,"B. Bhattacharjee",null,null,null,null,null,null,null,null,null,null
http://acm.rkbexplorer.com/id/671289,null,null,null,null,null,null,null,null,null,null,null,null,null,null,null,null,null,null,null,null,null,null,null
http://acm.rkbexplorer.com/id/757666,null,null,null,null,null,null,"Distributed Query Processing Strategies in Mermaid A Frontend to Data Management Systems",null,null,null,null,null,null,null,null,null,null,null,null,null,null,null,null
http://dblp.rkbexplorer.com/id/people-23cc1424d920a4df8dbe1fb89a181e63-bae4827335f09ec05ec1bb89864e0658,null,null,null,null,null,null,null,null,null,null,null,null,"Weimin Du",null,null,null,null,null,null,null,null,null,null
http://www.aktors.org/ontology/date#1995-01-01,null,1995-01-01,01,01,1995,null,null,null,null,null,null,null,null,null,null,null,null,null,null,null,null,null,null
http://acm.rkbexplorer.com/id/person-286785-62dd0b5723cab6cec174f155c72f8632,null,null,null,null,null,null,null,null,null,null,null,null,null,null,null,null,null,null,null,null,null,null,null
http://acm.rkbexplorer.com/id/person-297130-0cef529b7f6f7690aecd1b987ae27abe,null,null,null,null,null,null,null,null,null,null,null,null,null,null,null,null,null,null,null,null,null,null,null
http://acm.rkbexplorer.com/id/653997,null,null,null,null,null,null,null,null,null,null,null,null,null,null,null,null,null,null,null,null,null,null,null
http://acm.rkbexplorer.com/id/654022,null,null,null,null,null,null,null,null,null,null,null,null,null,null,null,null,null,null,null,null,null,null,null
http://acm.rkbexplorer.com/id/person-286785-c3ee6a98c4de4153a7ab42ebbf9faaa0,null,null,null,null,null,null,null,null,null,null,null,null,"Umeshwar Dayal",null,null,null,null,null,null,null,null,null,null
http://acm.rkbexplorer.com/id/93130,null,null,null,null,null,null,null,null,null,null,null,null,null,null,null,null,null,null,null,null,null,null,null
http://acm.rkbexplorer.com/id/582203,null,null,null,null,null,null,null,null,null,null,null,null,null,null,null,null,null,null,null,null,null,null,null
http://acm.rkbexplorer.com/id/1999,null,null,null,null,null,null,null,null,null,null,null,null,null,null,null,null,null,null,null,null,null,null,null
http://acm.rkbexplorer.com/id/person-239977-d197b46b658321ee4147e51086ebd140,null,null,null,null,null,null,null,null,null,null,null,null,null,null,null,null,null,null,null,null,null,null,null
http://acm.rkbexplorer.com/id/48777,null,null,null,null,null,null,null,null,null,null,null,null,null,null,null,null,null,null,null,null,null,null,null
http://acm.rkbexplorer.com/id/726549,null,null,null,null,null,null,null,null,null,null,null,null,null,null,null,null,null,null,null,null,null,null,null
http://www.aktors.org/ontology/date#1983-01-01,null,null,null,null,null,null,null,null,null,null,null,null,null,null,null,null,null,null,null,null,null,null,null
http://dblp.rkbexplorer.com/id/people-87ce5f3acbc5e09d26bff5e6a1b9bcd6-6d880ffb93141e5ab8aa32a5ba664da8,null,null,null,null,null,null,null,null,null,null,null,null,null,null,null,null,null,null,null,null,null,null,null
http://www.aktors.org/ontology/date#1998,null,null,null,null,1998,null,null,null,null,null,null,null,null,null,null,null,null,null,null,null,null,null,null
http://acm.rkbexplorer.com/id/person-581268-9899d424405c868018910e923e7f0072,null,null,null,null,null,null,null,null,null,null,null,null,"Bishwaranjan Bhattacharjee",null,null,null,null,null,null,null,null,null,null
http://acm.rkbexplorer.com/id/person-64042-05b0cb3d1cf985d74fdbc80b940b9b51,null,null,null,null,null,null,null,null,null,null,null,null,null,null,null,null,null,null,null,null,null,null,null
http://www.aktors.org/ontology/date#1995,null,null,null,null,1995,null,null,null,null,null,null,null,null,null,null,null,null,null,null,null,null,null,null
http://acm.rkbexplorer.com/id/9753,null,null,null,null,null,null,null,null,null,null,null,null,null,null,null,null,null,null,null,null,null,null,null
http://www.aktors.org/ontology/date#1988-01-01,null,null,null,null,null,null,null,null,null,null,null,null,null,null,null,null,null,null,null,null,null,null,null
http://www.aktors.org/ontology/date#1993,null,null,null,null,null,null,null,null,null,null,null,null,null,null,null,null,null,null,null,null,null,null,null
http://acm.rkbexplorer.com/id/person-9925-ee85754abb6820d6e63d89010b0fc8d0,null,null,null,null,null,null,null,null,null,null,null,null,null,null,null,null,null,null,null,null,null,null,null
http://acm.rkbexplorer.com/id/96607,null,null,null,null,null,null,null,null,null,null,null,null,null,null,null,null,null,null,null,null,null,null,null
http://aksw.org/Groups/SIMBA/SemSRL/blanknode/BN8ed602bae9dfedc3a179ea7dc50c8f3fc71d6f0e,null,null,null,null,null,null,null,null,null,null,null,null,null,null,null,null,null,null,null,null,null,null,null
http://aksw.org/Groups/SIMBA/SemSRL/blanknode/BNceda9764b4e57fac22e1ad114ebf7b02055de9c4,null,null,null,null,null,null,null,null,null,null,null,null,null,null,null,null,null,null,null,null,null,null,null
http://acm.rkbexplorer.com/id/person-8234-ff728df6b722b64ac3eb9019959d716c,null,null,null,null,null,null,null,null,null,null,null,null,null,null,null,null,null,null,null,null,null,null,null
http://acm.rkbexplorer.com/ontologies/acm#F.2.2,null,null,null,null,null,null,null,null,null,null,null,null,null,null,null,null,"F.2.2. Nonnumerical Algorithms and Problems","See also #E.2, #E.3, #E.4, #E.5, #G.2, #H.2, #H.3.",null,null,null,null,null
http://acm.rkbexplorer.com/id/96604,null,null,null,null,null,null,"Federated Database Systems for Managing Distributed Heterogeneous and Autonomous Databases",null,null,null,null,null,null,null,null,null,null,null,null,null,null,null,null
http://acm.rkbexplorer.com/ontologies/acm#H.3.3,null,null,null,null,null,null,null,null,null,null,null,null,null,null,null,null,"H.3.3. Information Search and Retrieval",null,null,null,null,null,null
http://acm.rkbexplorer.com/id/672334,null,null,null,null,null,null,"Query Optimization in a Heterogeneous DBMS",null,null,null,null,null,null,null,null,null,null,null,null,null,null,null,null
http://www.aktors.org/ontology/date#1997-03-01,null,null,null,null,null,null,null,null,null,null,null,null,null,null,null,null,null,null,null,null,null,null,null
http://aksw.org/Groups/SIMBA/SemSRL/blanknode/BN4988e23bf12067c4bd9f821743470f3c7fa1ee53,null,null,null,null,null,null,null,null,null,null,null,null,null,null,null,null,null,null,null,null,null,null,null
http://acm.rkbexplorer.com/id/671152,null,null,null,null,null,null,null,null,null,null,null,null,null,null,null,null,null,null,null,null,null,null,null
http://acm.rkbexplorer.com/ontologies/acm#H.0,null,null,null,null,null,null,null,null,null,null,null,null,null,null,null,null,null,null,null,null,null,null,null
http://acm.rkbexplorer.com/id/22548,null,null,null,null,null,null,null,null,null,null,null,null,null,null,null,null,null,null,null,null,null,null,null
http://acm.rkbexplorer.com/ontologies/acm#H.2,null,null,null,null,null,null,null,null,null,null,null,null,null,null,null,null,"H.2. DATABASE MANAGEMENT","See also #E.5.",null,null,null,null,null
http://acm.rkbexplorer.com/ontologies/acm#I.2.3,null,null,null,null,null,null,null,null,null,null,null,null,null,null,null,null,"I.2.3. Deduction and Theorem Proving","See also #F.4.1.",null,null,null,null,null
http://acm.rkbexplorer.com/id/500091,null,null,null,null,null,null,null,null,null,null,null,null,null,null,null,null,null,null,null,null,null,null,null
http://acm.rkbexplorer.com/ontologies/acm#H.3,null,null,null,null,null,null,null,null,null,null,null,null,null,null,null,null,null,null,null,null,null,null,null
http://aksw.org/Groups/SIMBA/SemSRL/blanknode/BNd5825d8a85640352e4c0274c6e4cf4e5cd627199,null,null,null,null,null,null,null,null,null,null,null,null,null,null,null,null,null,null,null,null,null,null,null
http://acm.rkbexplorer.com/ontologies/acm#I.2.8,null,null,null,null,null,null,null,null,null,null,null,null,null,null,null,null,null,null,null,null,null,null,null
http://aksw.org/Groups/SIMBA/SemSRL/blanknode/BN7ac7310bb686907713019f49e4a6e306689d0d72,null,null,null,null,null,null,null,null,null,null,null,null,null,null,null,null,null,null,null,null,null,null,null
http://acm.rkbexplorer.com/id/672662,null,null,null,null,null,null,null,null,null,null,null,null,null,null,null,null,null,null,null,null,null,null,null
http://acm.rkbexplorer.com/id/person-151172-e12e43b6e9e027520696377dfc88875a,null,null,null,null,null,null,null,null,null,null,null,null,null,null,null,null,null,null,null,null,null,null,null
http://www.aktors.org/ontology/date#1984,null,null,null,null,null,null,null,null,null,null,null,null,null,null,null,null,null,null,null,null,null,null,null
http://acm.rkbexplorer.com/id/756423,null,null,null,null,null,null,null,null,null,null,null,null,null,null,null,null,null,null,null,null,null,null,null
http://www.aktors.org/ontology/support#Intangible-Thing,null,null,null,null,null,null,null,null,null,null,null,null,null,null,null,null,null,null,null,null,null,null,null
http://aksw.org/Groups/SIMBA/SemSRL/blanknode/BNfa92c26cb72e25e085f4ae41e5993bca079a1ea8,null,null,null,null,null,null,null,null,null,null,null,null,null,null,null,null,null,null,null,null,null,null,null
http://dblp.rkbexplorer.com/id/people-05f8853834f6cf5d6e6c8458c9b7286d-12d39171455ed112fa9d4c29f4f8ce0f,null,null,null,null,null,null,null,null,null,null,null,null,"Matthew Huras",null,null,null,null,null,null,null,null,null,null
http://www.aktors.org/ontology/date#2003-01-01,null,2003-01-01,01,01,2003,null,null,null,null,null,null,null,null,null,null,null,null,null,null,null,null,null,null
http://acm.rkbexplorer.com/id/230814,null,null,null,null,null,null,null,null,null,null,null,null,null,null,null,null,null,null,null,null,null,null,null
http://acm.rkbexplorer.com/ontologies/acm#F.2,null,null,null,null,null,null,null,null,null,null,null,null,null,null,null,null,null,null,null,null,null,null,null
http://acm.rkbexplorer.com/id/person-297405-d89ef6213bcfa0786d60cc4fa4127f94,null,null,null,null,null,null,null,null,null,null,null,null,"Weimin Du",null,null,null,null,null,null,null,null,null,null
http://acm.rkbexplorer.com/id/68031,null,null,null,null,null,null,null,null,null,null,null,null,null,null,null,null,null,null,null,null,null,null,null
http://acm.rkbexplorer.com/id/94436,null,null,null,null,null,null,null,null,null,null,null,null,null,null,null,null,null,null,null,null,null,null,null
http://aksw.org/Groups/SIMBA/SemSRL/blanknode/BN42891936ea37e50517e70a4a8bdf209c3ed0bd50,null,null,null,null,null,null,null,null,null,null,null,null,null,null,null,null,null,null,null,null,null,null,null
http://www.w3.org/2002/07/owl#Class,null,null,null,null,null,null,null,null,null,null,null,null,null,null,null,null,null,null,null,null,null,null,null
http://acm.rkbexplorer.com/ontologies/acm#D.3.4,null,null,null,null,null,null,null,null,null,null,null,null,null,null,null,null,null,null,null,null,null,null,null
http://acm.rkbexplorer.com/ontologies/acm#F.2.2.6,null,null,null,null,null,null,null,null,null,null,null,null,null,null,null,null,"F.2.2.6. Sorting and searching",null,null,null,null,null,null
http://acm.rkbexplorer.com/ontologies/acm#F.2.2.5,null,null,null,null,null,null,null,null,null,null,null,null,null,null,null,null,null,null,null,null,null,null,null
http://dblp.l3s.de/d2r/resource/publications/conf/icde/BrillTY84,null,null,null,null,null,null,null,null,null,null,null,null,null,null,null,null,null,null,null,null,null,null,null
http://acm.rkbexplorer.com/id/48783,null,null,null,null,null,null,null,null,null,null,null,null,null,null,null,null,null,null,null,null,null,null,null
http://dblp.rkbexplorer.com/id/people-0d084c49794e4a896a7543e0ef5c5bff-6d880ffb93141e5ab8aa32a5ba664da8,null,null,null,null,null,null,null,null,null,null,null,null,null,null,null,null,null,null,null,null,null,null,null
http://acm.rkbexplorer.com/id/653553,null,null,null,null,null,null,null,null,null,null,null,null,null,null,null,null,null,null,null,null,null,null,null
http://www.aktors.org/ontology/portal#Book-Section-Reference,null,null,null,null,null,null,null,null,null,null,null,null,null,null,null,null,null,null,null,null,null,null,null
http://acm.rkbexplorer.com/id/person-60753-0b51645719a278a87655e81401d1833a,null,null,null,null,null,null,null,null,null,null,null,null,null,null,null,null,null,null,null,null,null,null,null
http://dblp.rkbexplorer.com/id/people-d0864eae0ad02ef337799e0ce8cd8050-92b654161bd2089692bd3a57159cd680,null,null,null,null,null,null,null,null,null,null,null,null,"Timothy Malkemus",null,null,null,null,null,null,null,null,null,null
http://aksw.org/Groups/SIMBA/SemSRL/blanknode/BN222381b23f8cec1ac3643fbba1845a4ebcf7ba0a,null,null,null,null,null,null,null,null,null,null,null,null,null,null,null,null,null,null,null,null,null,null,null
http://acm.rkbexplorer.com/id/3945,null,null,null,null,null,null,null,null,null,null,null,null,null,null,null,null,null,null,null,null,null,null,null
http://acm.rkbexplorer.com/ontologies/acm#H.4.2.0,null,null,null,null,null,null,null,null,null,null,null,null,null,null,null,null,null,null,null,null,null,null,null
http://aksw.org/Groups/SIMBA/SemSRL/blanknode/BNc5de18c219a275ca08cefca4a790baebaf51c8dc,null,null,null,null,null,null,null,null,null,null,null,null,null,null,null,null,null,null,null,null,null,null,null
http://acm.rkbexplorer.com/id/7475,null,null,null,null,null,null,null,null,null,null,null,null,null,null,null,null,null,null,null,null,null,null,null
http://aksw.org/Groups/SIMBA/SemSRL/blanknode/BNf7fe33aedfeb58708f28ee8d0e645abe0b7bfaf3,null,null,null,null,null,null,null,null,null,null,null,null,null,null,null,null,null,null,null,null,null,null,null
http://acm.rkbexplorer.com/id/23127,null,null,null,null,null,null,null,null,null,null,null,null,null,null,null,null,null,null,null,null,null,null,null
http://www.aktors.org/ontology/date#1999-07-01,null,null,null,null,null,null,null,null,null,null,null,null,null,null,null,null,null,null,null,null,null,null,null
http://acm.rkbexplorer.com/id/649922,null,null,null,null,null,null,null,null,null,null,null,null,null,null,null,null,null,null,null,null,null,null,null
http://acm.rkbexplorer.com/id/68856,null,null,null,null,null,null,null,null,null,null,null,null,null,null,null,null,null,null,null,null,null,null,null
http://acm.rkbexplorer.com/id/42205,null,null,null,null,null,null,null,null,null,null,null,null,null,null,null,null,null,null,null,null,null,null,null
http://acm.rkbexplorer.com/id/person-132787-aba52c3652c5a9a623e5fd6331396282,null,null,null,null,null,null,null,null,null,null,null,null,null,null,null,null,null,null,null,null,null,null,null
http://acm.rkbexplorer.com/id/42203,null,null,null,null,null,null,null,null,null,null,null,null,null,null,null,null,null,null,null,null,null,null,null
http://dblp.l3s.de/d2r/resource/publications/conf/sigmod/2003,null,null,null,null,null,null,null,null,null,null,null,null,null,null,null,null,null,null,null,null,null,null,null
http://acm.rkbexplorer.com/id/653563,null,null,null,null,null,null,null,null,null,null,null,null,null,null,null,null,null,null,null,null,null,null,null
http://dblp.l3s.de/d2r/resource/publications/conf/sigmod/DuSD95,null,null,null,null,null,null,null,null,null,null,null,null,null,null,null,null,null,null,null,null,null,null,null
http://acm.rkbexplorer.com/id/653561,null,null,null,null,null,null,null,null,null,null,null,null,null,null,null,null,null,null,null,null,null,null,null
http://acm.rkbexplorer.com/id/person-382999-05b0cb3d1cf985d74fdbc80b940b9b51,null,null,null,null,null,null,null,null,null,null,null,null,null,null,null,null,null,null,null,null,null,null,null
http://acm.rkbexplorer.com/id/356928,null,null,null,null,null,null,null,null,null,null,null,null,null,null,null,null,null,null,null,null,null,null,null
http://dblp.rkbexplorer.com/id/people-73a98a0e05e5bc9b3aefdef8c0a112c0-ac0186475160f6e7cf25a3ff808bed86,null,null,null,null,null,null,null,null,null,null,null,null,null,null,null,null,null,null,null,null,null,null,null
http://acm.rkbexplorer.com/ontologies/acm#G.2.0,null,null,null,null,null,null,null,null,null,null,null,null,null,null,null,null,null,null,null,null,null,null,null
http://www.aktors.org/ontology/portal,null,null,null,null,null,null,null,null,null,null,null,null,null,null,null,null,null,null,null,null,null,null,null
http://acm.rkbexplorer.com/id/538906,null,null,null,null,null,null,null,null,null,null,null,null,null,null,null,null,null,null,null,null,null,null,null
http://acm.rkbexplorer.com/ontologies/acm#G.2.2,null,null,null,null,null,null,null,null,null,null,null,null,null,null,null,null,"G.2.2. Graph Theory","See also #F.2.2.",null,null,null,null,null
http://acm.rkbexplorer.com/id/45073,null,null,null,null,null,null,null,null,null,null,null,null,null,null,null,null,null,null,null,null,null,null,null
http://acm.rkbexplorer.com/id/582327,null,null,null,null,null,null,null,null,null,null,null,null,null,null,null,null,null,null,null,null,null,null,null
http://acm.rkbexplorer.com/id/50203,null,null,null,null,null,null,null,null,null,null,null,null,null,null,null,null,null,null,null,null,null,null,null
http://acm.rkbexplorer.com/id/649933,null,null,null,null,null,null,null,null,null,null,null,null,null,null,null,null,null,null,null,null,null,null,null
http://acm.rkbexplorer.com/id/917500,null,null,null,null,null,null,null,null,null,null,null,null,null,null,null,null,null,null,null,null,null,null,null
http://acm.rkbexplorer.com/id/671657,null,null,null,null,null,null,null,null,null,null,null,null,null,null,null,null,null,null,null,null,null,null,null
http://acm.rkbexplorer.com/id/person-304694-73aa819b1654f29cbab7da38bf6172d5,null,null,null,null,null,null,null,null,null,null,null,null,null,null,null,null,null,null,null,null,null,null,null
http://www.aktors.org/ontology/portal#Person,null,null,null,null,null,null,null,null,null,null,null,null,null,null,null,null,null,null,null,null,null,null,null
http://acm.rkbexplorer.com/id/person-581301-9899d424405c868018910e923e7f0072,null,null,null,null,null,null,null,null,null,null,null,null,"Matthew Huras",null,null,null,null,null,null,null,null,null,null
http://acm.rkbexplorer.com/id/673623,null,null,null,null,null,null,null,null,null,null,null,null,null,null,null,null,null,null,null,null,null,null,null
http://dblp.rkbexplorer.com/id/people-c9e586dfb9b93351773d9f58d002fb91-455849cac42148e19335b146851e787e,null,null,null,null,null,null,null,null,null,null,null,null,"Chan Man Kuok",null,null,null,null,null,null,null,null,null,null
http://dblp.l3s.de/d2r/resource/publications/conf/sigmod/PadmanabhanBMCH03,null,null,null,null,null,null,null,null,null,null,null,null,null,null,null,null,null,null,null,null,null,null,null
http://aksw.org/Groups/SIMBA/SemSRL/blanknode/BNf385876785698ffaa30192c2816552b22a16b74f,null,null,null,null,null,null,null,null,null,null,null,null,null,null,null,null,null,null,null,null,null,null,null
http://aksw.org/Groups/SIMBA/SemSRL/blanknode/BN42202ed74bfeb5c5cdc4660012fc2c308f7b8bcc,null,null,null,null,null,null,null,null,null,null,null,null,null,null,null,null,null,null,null,null,null,null,null
http://acm.rkbexplorer.com/id/person-239553-d89ef6213bcfa0786d60cc4fa4127f94,null,null,null,null,null,null,null,null,null,null,null,null,null,null,null,null,null,null,null,null,null,null,null
http://acm.rkbexplorer.com/id/50204,null,null,null,null,null,null,null,null,null,null,null,null,null,null,null,null,null,null,null,null,null,null,null
http://acm.rkbexplorer.com/ontologies/acm#I.2,null,null,null,null,null,null,null,null,null,null,null,null,null,null,null,null,"I.2. ARTIFICIAL INTELLIGENCE",null,null,null,null,null,null
http://aksw.org/Groups/SIMBA/SemSRL/blanknode/BN837d389a175c59632194e8dffa10e73f45dc77b1,null,null,null,null,null,null,null,null,null,null,null,null,null,null,null,null,null,null,null,null,null,null,null
http://aksw.org/Groups/SIMBA/SemSRL/blanknode/BN5d08ccebeb203427a46de3e88296fa7b956b5bf7,null,null,null,null,null,null,null,null,null,null,null,null,null,null,null,null,null,null,null,null,null,null,null
http://acm.rkbexplorer.com/id/98739,null,null,null,null,null,null,null,null,null,null,null,null,null,null,null,null,null,null,null,null,null,null,null
http://acm.rkbexplorer.com/id/653888,null,null,null,null,null,null,null,null,null,null,null,null,null,null,null,null,null,null,null,null,null,null,null
http://acm.rkbexplorer.com/id/88891,null,null,null,null,null,null,null,null,null,null,null,null,null,null,null,null,null,null,null,null,null,null,null
http://acm.rkbexplorer.com/id/649942,null,null,null,null,null,null,null,null,null,null,null,null,null,null,null,null,null,null,null,null,null,null,null
http://dblp.rkbexplorer.com/id/people-a5adaeff634b30c490d3275aaf534a50-8f8312fab9f380bd9357366c8773cf12,null,null,null,null,null,null,null,null,null,null,null,null,null,null,null,null,null,null,null,null,null,null,null
http://acm.rkbexplorer.com/id/653549,null,null,null,null,null,null,null,null,null,null,null,null,null,null,null,null,null,null,null,null,null,null,null
http://acm.rkbexplorer.com/id/50213,null,null,null,null,null,null,null,null,null,null,null,null,null,null,null,null,null,null,null,null,null,null,null
http://www.aktors.org/ontology/support#Time-Point,null,null,null,null,null,null,null,null,null,null,null,null,null,null,null,null,null,null,null,null,null,null,null
http://acm.rkbexplorer.com/id/61691,null,null,null,null,null,null,null,null,null,null,null,null,null,null,null,null,null,null,null,null,null,null,null
http://acm.rkbexplorer.com/id/673613,null,null,null,null,null,null,"Processing Queries Over Generalization Hierarchies in a Multidatabase System",null,null,null,null,null,null,null,null,null,null,null,null,null,null,null,null
http://acm.rkbexplorer.com/ontologies/acm#A,null,null,null,null,null,null,null,null,null,null,null,null,null,null,null,null,null,null,null,null,null,null,null
http://dblp.rkbexplorer.com/id/people-c84b74d1cc9ed2aac29e2b7b82794357-8f8312fab9f380bd9357366c8773cf12,null,null,null,null,null,null,null,null,null,null,null,null,null,null,null,null,null,null,null,null,null,null,null
http://acm.rkbexplorer.com/ontologies/acm#H,null,null,null,null,null,null,null,null,null,null,null,null,null,null,null,null,null,null,null,null,null,null,null
http://www.aktors.org/ontology/date#1979-01-01,null,null,null,null,null,null,null,null,null,null,null,null,null,null,null,null,null,null,null,null,null,null,null
http://acm.rkbexplorer.com/ontologies/acm#G,null,null,null,null,null,null,null,null,null,null,null,null,null,null,null,null,null,null,null,null,null,null,null
http://acm.rkbexplorer.com/id/320546,null,null,null,null,null,null,null,null,null,null,null,null,null,null,null,null,null,null,null,null,null,null,null
http://acm.rkbexplorer.com/ontologies/acm#F,null,null,null,null,null,null,null,null,null,null,null,null,null,null,null,null,null,null,null,null,null,null,null
http://www.aktors.org/ontology/date#1990-09-01,null,null,null,null,null,null,null,null,null,null,null,null,null,null,null,null,null,null,null,null,null,null,null
http://acm.rkbexplorer.com/id/50217,null,null,null,null,null,null,null,null,null,null,null,null,null,null,null,null,null,null,null,null,null,null,null
http://acm.rkbexplorer.com/ontologies/acm#A.1,null,null,null,null,null,null,null,null,null,null,null,null,null,null,null,null,null,null,null,null,null,null,null
http://acm.rkbexplorer.com/id/311,null,null,null,null,null,null,null,null,null,null,null,null,null,null,null,null,null,null,null,null,null,null,null
http://acm.rkbexplorer.com/ontologies/acm#I,null,null,null,null,null,null,null,null,null,null,null,null,null,null,null,null,null,null,null,null,null,null,null
http://www.aktors.org/ontology/date#1993-01-01,null,null,null,null,null,null,null,null,null,null,null,null,null,null,null,null,null,null,null,null,null,null,null
http://www.aktors.org/ontology/date#1984-01-01,null,null,null,null,null,null,null,null,null,null,null,null,null,null,null,null,null,null,null,null,null,null,null
http://dblp.rkbexplorer.com/id/people-30be1ab01177fa405dbbc76ad80d4c52-12d39171455ed112fa9d4c29f4f8ce0f,null,null,null,null,null,null,null,null,null,null,null,null,"Leslie Cranston",null,null,null,null,null,null,null,null,null,null
http://aksw.org/Groups/SIMBA/SemSRL/blanknode/BN70fde6df18d067c63c5b7f9b5ed5fa954af236ef,null,null,null,null,null,null,null,null,null,null,null,null,null,null,null,null,null,null,null,null,null,null,null
http://aksw.org/Groups/SIMBA/SemSRL/blanknode/BN8c3c8df3a823f11837471b2b12d7bab171f3a06c,null,null,null,null,null,null,null,null,null,null,null,null,null,null,null,null,null,null,null,null,null,null,null
http://acm.rkbexplorer.com/id/360766,null,null,null,null,null,null,null,null,null,null,null,null,null,null,null,null,null,null,null,null,null,null,null
http://dblp.rkbexplorer.com/id/conf/sigmod/AgrawalIS93,null,null,null,null,null,null,"Mining Association Rules between Sets of Items in Large Databases.",null,null,null,null,http://doi.acm.org/10.1145/170035.170072,null,null,null,null,null,null,null,null,null,null,null
http://acm.rkbexplorer.com/id/person-209428-8b06bfc0c42620790f426decd402c494,null,null,null,null,null,null,null,null,null,null,null,null,null,null,null,null,null,null,null,null,null,null,null
http://acm.rkbexplorer.com/id/273257,null,null,null,null,null,null,"Mining fuzzy association rules in databases",null,null,null,null,null,null,null,null,null,null,null,null,null,null,null,null
http://acm.rkbexplorer.com/id/223846,null,null,null,null,null,null,"Reducing multidatabase query response time by tree balancing",null,null,null,null,null,null,null,null,null,null,null,null,null,null,null,null
http://acm.rkbexplorer.com/id/person-203002-7b7e2beb875fe81bf6badf43130c5ac9,null,null,null,null,null,null,null,null,null,null,null,null,null,null,null,null,null,null,null,null,null,null,null
http://acm.rkbexplorer.com/id/person-283676-383012c1cdb481638048eea51cd71f62,null,null,null,null,null,null,null,null,null,null,null,null,null,null,null,null,null,null,null,null,null,null,null
http://www.aktors.org/ontology/portal#Publication-Reference,null,null,null,null,null,null,null,null,null,null,null,null,null,null,null,null,null,null,null,null,null,null,null
http://aksw.org/Groups/SIMBA/SemSRL/blanknode/BNf23e10e027942bf5e18412af5a3b9fc60fc23a86,null,null,null,null,null,null,null,null,null,null,null,null,null,null,null,null,null,null,null,null,null,null,null
http://www.aktors.org/ontology/date#1995-05-01,null,1995-05-01,01,05,1995,null,null,null,null,null,null,null,null,null,null,null,null,null,null,null,null,null,null
http://acm.rkbexplorer.com/id/3980,null,null,null,null,null,null,null,null,null,null,null,null,null,null,null,null,null,null,null,null,null,null,null
http://www.aktors.org/ontology/date#1990-01-01,null,null,null,null,null,null,null,null,null,null,null,null,null,null,null,null,null,null,null,null,null,null,null
http://aksw.org/Groups/SIMBA/SemSRL/blanknode/BN3611bcba65c2218e0d34435d97b15db9da416349,null,null,null,null,null,null,null,null,null,null,null,null,null,null,null,null,null,null,null,null,null,null,null
http://acm.rkbexplorer.com/id/42162,null,null,null,null,null,null,null,null,null,null,null,null,null,null,null,null,null,null,null,null,null,null,null
http://www.aktors.org/ontology/date#1998-01-01,null,null,null,null,null,null,null,null,null,null,null,null,null,null,null,null,null,null,null,null,null,null,null
http://acm.rkbexplorer.com/id/42160,null,null,null,null,null,null,null,null,null,null,null,null,null,null,null,null,null,null,null,null,null,null,null
http://aksw.org/Groups/SIMBA/SemSRL/blanknode/BN11430d8b42822fc41a315e7bd921017962ea8b03,null,null,null,null,null,null,null,null,null,null,null,null,null,null,null,null,null,null,null,null,null,null,null
http://aksw.org/Groups/SIMBA/SemSRL/blanknode/BN6c3dc54357828cbafc4b2c263cb91a133d2e2f0a,null,null,null,null,null,null,null,null,null,null,null,null,null,null,null,null,null,null,null,null,null,null,null
http://aksw.org/Groups/SIMBA/SemSRL/blanknode/BNe4a6af3be79d0f2f679eabad73947fb7a1ded341,null,null,null,null,null,null,null,null,null,null,null,null,null,null,null,null,null,null,null,null,null,null,null
http://acm.rkbexplorer.com/id/person-220117-accc221e54c79828785bd2991b638df7,null,null,null,null,null,null,null,null,null,null,null,null,null,null,null,null,null,null,null,null,null,null,null
http://aksw.org/Groups/SIMBA/SemSRL/blanknode/BN6dcbf703db0dbca16c04928161a82e802acb9851,null,null,null,null,null,null,null,null,null,null,null,null,null,null,null,null,null,null,null,null,null,null,null
http://www.aktors.org/ontology/support#Calendar-Date,null,null,null,null,null,null,null,null,null,null,null,null,null,null,null,null,null,null,null,null,null,null,null
http://www.aktors.org/ontology/portal#Conference-Proceedings-Reference,null,null,null,null,null,null,null,null,null,null,null,null,null,null,null,null,null,null,null,null,null,null,null
http://acm.rkbexplorer.com/id/person-184179-d27ae910f01f5ed26fd68f4ee8785cf0,null,null,null,null,null,null,null,null,null,null,null,null,null,null,null,null,null,null,null,null,null,null,null
http://acm.rkbexplorer.com/id/3874,null,null,null,null,null,null,null,null,null,null,null,null,null,null,null,null,null,null,null,null,null,null,null
http://dblp.rkbexplorer.com/id/conf/sigmod/2003,null,null,null,null,null,null,"Proceedings of the 2003 ACM SIGMOD International Conference on Management of Data, San Diego, California, USA, June 9-12, 2003",null,null,null,null,null,null,null,null,null,null,null,null,null,null,null,null
http://acm.rkbexplorer.com/id/872835,null,null,null,null,null,null,"Multi-dimensional clustering",null,null,null,null,null,null,null,null,null,null,null,null,null,null,null,null
http://acm.rkbexplorer.com/id/671803,null,null,null,null,null,null,null,null,null,null,null,null,null,null,null,null,null,null,null,null,null,null,null
http://acm.rkbexplorer.com/id/320288,null,null,null,null,null,null,null,null,null,null,null,null,null,null,null,null,null,null,null,null,null,null,null
http://acm.rkbexplorer.com/id/person-307133-574fc383cb5e4896ec3d59e31dc6156b,null,null,null,null,null,null,null,null,null,null,null,null,null,null,null,null,null,null,null,null,null,null,null
http://www.aktors.org/ontology/portal#Article-Reference,null,null,null,null,null,null,null,null,null,null,null,null,null,null,null,null,null,null,null,null,null,null,null
http://acm.rkbexplorer.com/id/319546,null,null,null,null,null,null,null,null,null,null,null,null,null,null,null,null,null,null,null,null,null,null,null
http://aksw.org/Groups/SIMBA/SemSRL/blanknode/BN9e6f3b1ac3156df12867f1e63a611803e97c015a,null,null,null,null,null,null,null,null,null,null,null,null,null,null,null,null,null,null,null,null,null,null,null
http://www.aktors.org/ontology/support#Thing,null,null,null,null,null,null,null,null,null,null,null,null,null,null,null,null,null,null,null,null,null,null,null
http://acm.rkbexplorer.com/id/653379,null,null,null,null,null,null,null,null,null,null,null,null,null,null,null,null,null,null,null,null,null,null,null
http://aksw.org/Groups/SIMBA/SemSRL/blanknode/BNec4e0b6d3ca23d5095783a1c8a73229da611c4f4,null,null,null,null,null,null,null,null,null,null,null,null,null,null,null,null,null,null,null,null,null,null,null
http://www.aktors.org/ontology/portal#Research-Interest,null,null,null,null,null,null,null,null,null,null,null,null,null,null,null,null,null,null,null,null,null,null,null
http://acm.rkbexplorer.com/id/62615,null,null,null,null,null,null,null,null,null,null,null,null,null,null,null,null,null,null,null,null,null,null,null
http://acm.rkbexplorer.com/id/16793,null,null,null,null,null,null,null,null,null,null,null,null,null,null,null,null,null,null,null,null,null,null,null
http://acm.rkbexplorer.com/id/66961,null,null,null,null,null,null,null,null,null,null,null,null,null,null,null,null,null,null,null,null,null,null,null
http://acm.rkbexplorer.com/id/944348,null,null,null,null,null,null,null,null,null,null,null,null,null,null,null,null,null,null,null,null,null,null,null
http://acm.rkbexplorer.com/id/62619,null,null,null,null,null,null,null,null,null,null,null,null,null,null,null,null,null,null,null,null,null,null,null
http://acm.rkbexplorer.com/id/person-39575,null,null,null,null,null,null,null,null,null,null,null,null,null,null,null,null,null,null,null,null,null,null,null
http://acm.rkbexplorer.com/id/319060,null,null,null,null,null,null,null,null,null,null,null,null,null,null,null,null,null,null,null,null,null,null,null
http://acm.rkbexplorer.com/id/person-201302-d89ef6213bcfa0786d60cc4fa4127f94,null,null,null,null,null,null,null,null,null,null,null,null,"Ming-Chien Shan",null,null,null,null,null,null,null,null,null,null
http://acm.rkbexplorer.com/id/578198,null,null,null,null,null,null,null,null,null,null,null,null,null,null,null,null,null,null,null,null,null,null,null
http://acm.rkbexplorer.com/ontologies/acm#H.2.1.2,null,null,null,null,null,null,null,null,null,null,null,null,null,null,null,null,null,null,null,null,null,null,null
http://acm.rkbexplorer.com/id/10561,null,null,null,null,null,null,null,null,null,null,null,null,null,null,null,null,null,null,null,null,null,null,null
http://acm.rkbexplorer.com/ontologies/acm#H.2.1.0,null,null,null,null,null,null,null,null,null,null,null,null,null,null,null,null,null,null,null,null,null,null,null
http://acm.rkbexplorer.com/id/671812,null,null,null,null,null,null,null,null,null,null,null,null,null,null,null,null,null,null,null,null,null,null,null
http://acm.rkbexplorer.com/id/63387,null,null,null,null,null,null,null,null,null,null,null,null,null,null,null,null,null,null,null,null,null,null,null
http://acm.rkbexplorer.com/id/38742,null,null,null,null,null,null,null,null,null,null,null,null,null,null,null,null,null,null,null,null,null,null,null
http://acm.rkbexplorer.com/id/209169,null,null,null,null,null,null,null,null,null,null,null,null,null,null,null,null,null,null,null,null,null,null,null
http://dblp.rkbexplorer.com/id/conf/sigmod/DuSD95,null,null,null,null,null,null,"Reducing Multidatabase Query Response Time by Tree Balancing.",null,null,null,null,http://doi.acm.org/10.1145/223784.223846,null,null,null,null,null,null,null,null,null,null,null
http://aksw.org/Groups/SIMBA/SemSRL/blanknode/BNd9011083e7027cb9cb2dd635d73a71dfec589bb2,null,null,null,null,null,null,null,null,null,null,null,null,null,null,null,null,null,null,null,null,null,null,null
http://dblp.rkbexplorer.com/id/journal-3f00d32ec1d18c2d1c53f55fcdf1332c,null,null,null,null,null,null,null,null,null,null,null,null,null,null,null,null,null,null,null,null,null,null,null
http://dblp.rkbexplorer.com/id/journals-461f034380ddd5784a7acf472df13bc3,null,null,null,null,null,null,"SIGMOD Record",null,null,null,null,null,null,null,null,null,null,null,null,null,null,null,null
http://acm.rkbexplorer.com/ontologies/acm#F.1.2,null,null,null,null,null,null,null,null,null,null,null,null,null,null,null,null,null,null,null,null,null,null,null
http://www.aktors.org/ontology/date#1998-03-01,null,1998-03-01,01,03,1998,null,null,null,null,null,null,null,null,null,null,null,null,null,null,null,null,null,null
http://acm.rkbexplorer.com/id/320588,null,null,null,null,null,null,null,null,null,null,null,null,null,null,null,null,null,null,null,null,null,null,null
http://acm.rkbexplorer.com/id/person-10576-e8c7f57d11118d4a277fdd84935cd560,null,null,null,null,null,null,null,null,null,null,null,null,"Ada Fu",null,null,null,null,null,null,null,null,null,null
http://www.aktors.org/ontology/date#1992-06-01,null,null,null,null,null,null,null,null,null,null,null,null,null,null,null,null,null,null,null,null,null,null,null
http://aksw.org/Groups/SIMBA/SemSRL/blanknode/BN27825c6bba298a514c94f1826dae79e2f3cc5ea6,null,null,null,null,null,null,null,null,null,null,null,null,null,null,null,null,null,null,null,null,null,null,null
http://acm.rkbexplorer.com/id/4513,null,null,null,null,null,null,null,null,null,null,null,null,null,null,null,null,null,null,null,null,null,null,null
http://www.aktors.org/ontology/date#2002-01-01,null,null,null,null,null,null,null,null,null,null,null,null,null,null,null,null,null,null,null,null,null,null,null
http://acm.rkbexplorer.com/id/509393,null,null,null,null,null,null,null,null,null,null,null,null,null,null,null,null,null,null,null,null,null,null,null
http://www.aktors.org/ontology/date#1990-06-01,null,null,null,null,null,null,null,null,null,null,null,null,null,null,null,null,null,null,null,null,null,null,null
http://aksw.org/Groups/SIMBA/SemSRL/blanknode/BNac0385f4c5fc02a39bf876f4297bc8b229f52489,null,null,null,null,null,null,null,null,null,null,null,null,null,null,null,null,null,null,null,null,null,null,null
http://acm.rkbexplorer.com/id/653395,null,null,null,null,null,null,null,null,null,null,null,null,null,null,null,null,null,null,null,null,null,null,null
